{
  "display": {
    "icon": {
      "id": "cobblemon:star_sweet"
    },
    "title": {
      "translate": "advancement.legends_untold.all_birds.title",
      "fallback": "Bird Mastery"
    },
    "description": {
      "translate": "advancement.legends_untold.all_birds.description",
      "fallback": "Catch all 3 legendary birds and have them in your party"
    },
    "frame": "task",
    "show_toast": true,
    "announce_to_chat": true,
    "hidden": false
  },
  "parent": "legends_untold:find_legendary",
  "criteria": {
    "catch": {
      "trigger": "cobblemon:party",
      "conditions": {
        "party": ["cobblemon:moltres", "cobblemon:zapdos", "cobblemon:articuno"]
      }
    }
  }
}
