{
  "display": {
    "icon": {
      "id": "minecraft:repeating_command_block"
    },
    "title": {
      "translate": "advancement.legends_untold.obtain_mew_dna.title",
      "fallback": "Mew Was Here"
    },
    "description": {
      "translate": "advancement.legends_untold.obtain_mew_dna.description",
      "fallback": "Find Mew DNA in a Legendary Structure"
    }
  },
  "parent": "legends_untold:find_legendary",
  "criteria": {
    "check_inv": {
      "trigger": "minecraft:inventory_changed",
      "conditions": {
        "items": [
          {
            "items": [
              "minecraft:repeating_command_block"
            ]
          }
        ]
      }
    }
  }
}