{
  "display": {
    "icon": {
      "id": "minecraft:jungle_sapling"
    },
    "title": {
      "translate": "advancement.legends_untold.xerneas.title",
      "fallback": "Primeval Roots"
    },
    "description": {
      "translate": "advancement.legends_untold.xerneas.description",
      "fallback": "Find the Tree of Life"
    },
    "frame": "task",
    "show_toast": true,
    "announce_to_chat": true,
    "hidden": false
  },
  "parent": "legends_untold:find_legendary",
  "criteria": {
    "xerneas_tree": {
      "trigger": "minecraft:location",
      "conditions": {
        "player": [
          {
            "condition": "minecraft:entity_properties",
            "entity": "this",
            "predicate": {
              "location": {
                "structures": "legends_untold:xerneas_tree"
              }
            }
          }
        ]
      }
    }
  },
  "requirements": [
    [
      "xerneas_tree"
    ]
  ],
  "rewards": {
    "function": "legends_untold:spawn_xerneas"
  },
  "sends_telemetry_event": false
}
