{
  "implemented": true,
  "name": "cac",
  "nationalPokedexNumber": 151542436,
  "primaryType": "ground",
  "secondaryType": "dark",
  "abilities": [
    "stench",
    "stickyhold",
    "h:weakarmor"
  ],
  "baseStats": {
    "hp": 95,
    "attack": 55,
    "defence": 70,
    "special_attack": 105,
    "special_defence": 70,
    "speed": 55
  },
  "behaviour": {
    "resting": {
      "canSleep": true,
      "depth": "normal",
      "light": "3-15",
      "willSleepOnBed": true,
      "times": "day"
    },
    "moving": {
      "canLook": true,
      "walk": {
        "canWalk": true,
        "avoidsLand": false
      },
      "swim": {
        "swimSpeed": 0.3,
        "canSwimInWater": false,
        "canBreatheUnderwater": false
      },
      "fly": {
        "canFly": false,
        "flySpeedHorizontal": 0.3
      },
      "wanderChance": 1
    }
  },
  "catchRate": 150,
  "maleRatio": -1,
  "shoulderMountable": true,
  "baseExperienceYield": 100,
  "eggCycles": 25,
  "eggGroups": [
    "amorphous"
  ],
  "drops": {
    "amount": 1,
    "entries": []
  },
  "moves": [
    "1:muddywater",
    "4:mudslap",
    "4:mudshot",
    "8:sludgebomb",
    "10:mudbomb",
    "15:toxic",
    "23:toxicspikes",
    "25:nastyplot",
    "30:snarl",
    "23:darkpulse",
    "21:earthpower",
    "18:protect"
  ],
  "labels": [
    "custom"
  ],
  "pokedex": [
    "cobblemon.species.cac.desc1",
    "cobblemon.species.cac.desc2"
  ],
"labels": [
        "legendary",
      ],
  "baseScale": 1.0,
  "hitbox": {
    "width": 0.7,
    "height": 0.7,
    "fixed": false
  },
  "baseFriendship": 50,
  "evYield": {
    "hp": 0,
    "attack": 0,
    "defence": 0,
    "special_attack": 1,
    "special_defence": 0,
    "speed": 0
  },
  "height": 1,
  "weight": 1,
  "evolutions": []
}