{
	"format_version": "1.12.0",
	"minecraft:geometry": [
		{
			"description": {
				"identifier": "geometry.suinezumi",
				"texture_width": 64,
				"texture_height": 64,
				"visible_bounds_width": 3,
				"visible_bounds_height": 1.5,
				"visible_bounds_offset": [0, 0.25, 0]
			},
			"bones": [
				{
					"name": "bone",
					"pivot": [0, 0, 0]
				},
				{
					"name": "body",
					"parent": "bone",
					"pivot": [0, 2, -2]
				},
				{
					"name": "chest",
					"parent": "body",
					"pivot": [0, 0, 0],
					"cubes": [
						{"origin": [-4, 0, -5], "size": [8, 4, 9], "uv": [0, 0]}
					]
				},
				{
					"name": "tail",
					"parent": "body",
					"pivot": [5, 3, 0]
				},
				{
					"name": "tail1",
					"parent": "tail",
					"pivot": [0, 1, 4],
					"cubes": [
						{"origin": [-1, 0, 4], "size": [2, 2, 1], "uv": [0, 0]},
						{"origin": [-2, 0, 5], "size": [4, 2, 2], "uv": [0, 20]}
					]
				},
				{
					"name": "tail2",
					"parent": "tail1",
					"pivot": [0, 1, 7],
					"cubes": [
						{"origin": [-3, 0, 7], "size": [6, 3, 4], "uv": [0, 13]},
						{"origin": [-2, 0, 11], "size": [4, 2, 2], "uv": [16, 13]}
					]
				},
				{
					"name": "head",
					"parent": "body",
					"pivot": [0, 1, -5],
					"cubes": [
						{"origin": [-3, 0, -8], "size": [6, 3, 3], "uv": [17, 17]}
					]
				},
				{
					"name": "eyes",
					"parent": "head",
					"pivot": [0, 0, 0]
				},
				{
					"name": "row1",
					"parent": "eyes",
					"pivot": [0, 0, 0],
					"cubes": [
						{"origin": [1.1, 2.9, -6.7], "size": [0.8, 0.2, 0.8], "uv": [26, 1]},
						{"origin": [-1.9, 2.9, -6.7], "size": [0.8, 0.2, 0.8], "uv": [26, 1]}
					]
				},
				{
					"name": "row2",
					"parent": "eyes",
					"pivot": [0, 0, 0],
					"cubes": [
						{"origin": [-1.1, 2.8, -8.1], "size": [0.6, 0.3, 0.6], "uv": [26, 4]},
						{"origin": [0.5, 2.8, -8.1], "size": [0.6, 0.3, 0.6], "uv": [26, 4]}
					]
				},
				{
					"name": "row3",
					"parent": "eyes",
					"pivot": [0, 0, 0],
					"cubes": [
						{"origin": [0.4, 1.8, -8.1], "size": [0.2, 0.2, 0.2], "uv": [26, 7]},
						{"origin": [-0.6, 1.8, -8.1], "size": [0.2, 0.2, 0.2], "uv": [26, 7]}
					]
				}
			]
		}
	]
}