{
    "enabled": true,
    "neededInstalledMods": [],
    "neededUninstalledMods": [],
    "spawns": [
        {
            "id": "moltres-1",
            "pokemon": "moltres",
            "type": "pokemon",
            "context": "grounded",
            "bucket": "ultra-rare",
            "level": "50-70",
            "weight": 9.0,
            "weightMultiplier": {
                "multiplier": 2.0,
                "condition": {
                    "isRaining": false,
                    "isThundering": false
                }
            },
            "condition": {
                "canSeeSky": true,
                "biomes": [
                    "#cobblemon:is_sandy",
                    "biomesoplenty:volcano",
                    "minecraft:desert"
                ]
            }
        }
    ]
}