{
  "implemented": true,
  "name": "suinezumi",
  "nationalPokedexNumber": 3200301,
  "primaryType": "water",
  "secondaryType": "ground",
  "abilities": [
    "raindish",
    "damp",
    "h:swiftswim"
  ],
  "baseStats": {
    "hp": 115,
    "attack": 70,
    "defence": 85,
    "special_attack": 60,
    "special_defence": 85,
    "speed": 135
  },
  "behaviour": {
    "resting": {
      "canSleep": true,
      "depth": "normal",
      "light": "0-3",
      "willSleepOnBed": true,
      "times": "night"
    },
    "moving": {
      "canLook": true,
      "walk": {
        "canWalk": true,
        "avoidsLand": false
      },
      "swim": {
        "swimSpeed": 0.3,
        "canSwimInWater": true,
        "canBreatheUnderwater": true
      },
      "fly": {
        "canFly": false,
        "flySpeedHorizontal": 0.3
      },
      "wanderChance": 1
    }
  },
  "catchRate": 110,
  "maleRatio": 0.5,
  "shoulderMountable": true,
  "baseExperienceYield": 100,
  "experienceGroup": "medium_slow",
  "eggCycles": 15,
  "eggGroups": [
    "water_1",
    "bug"
  ],
  "drops": {
    "amount": 1,
    "entries": [
      {
        "item": "minecraft:string",
        "quantityRange": "1-2",
        "percentage": 50
      }
    ]
  },
   "moves": [
  "1:bubble",
  "1:tackle",
  "1:yawn",
  "5:tailwhip",
  "9:watergun",
  "9:rockthrow",
  "12:protect",
  "13:sandattack",
  "15:raindance",
  "17:bugbite",
  "20:waterpulse",
  "21:mudbomb",
  "24:surf",
  "24:takedown",
  "25:mudsport",
  "27:icebeam",
  "29:waterfall",
  "30:hiddenpower",
  "33:earthquake",
  "33:sleeptalk",
  "35:amnesia",
  "36:endeavor",
  "37:aquajet",
  "39:gigadrain",
  "40:muddywater",
  "40:falseswipe",
  "41:hydropump",
  "43:leechlife",
  "45:hyperbeam",
  "47:aquaring",
  "47:scald",
  "49:screech",
  "50:earthpower",
  "53:dive",
  "53:stunspore",
  "55:sleeppowder",
  "57:rockslide",
  "59:cosmicpower",
  "61:toxic",
  "65:thunderwave",
  "tm:dig",
  "tm:rest",
  "tm:blizzard",
  "tm:mudshot",
  "tm:shadowball",
  "tm:avalanche",
  "tutor:crunch",
  "tutor:shadowsneak",
  "tm:chillingwater",
  "tm:curse",
  "tm:earthpower",
  "egg:acidspray",
]
,
  "labels": [
    "custom"
  ],
  "pokedex": [
    "cobblemon.species.suinezumi.desc1",
    "cobblemon.species.suinezumi.desc2"
  ],
  "baseScale": 1,
  "hitbox": {
    "width": 0.5,
    "height": 0.3,
    "fixed": false
  },
  "baseFriendship": 50,
  "evYield": {
    "hp": 0,
    "attack": 0,
    "defence": 0,
    "special_attack": 0,
    "special_defence": 0,
    "speed": 1
  },
  "height": 1,
  "weight": 1,
  "evolutions": []
}