{
  "type": "minecraft:chest",
  "pools": [
    {
      "rolls": 1,
      "entries": [
        {
          "type": "minecraft:item",
          "name": "cobblemon:link_cable",
          "weight": 2
        },
        {
          "type": "minecraft:item",
          "name": "cobblemon:ability_capsule",
          "weight": 2
        },
        {
          "type": "minecraft:item",
          "name": "cobblemon:full_restore",
          "weight": 2
        },
        {
          "type": "minecraft:item",
          "name": "cobblemon:dragon_gem",
          "weight": 1
        },
        {
          "type": "minecraft:item",
          "name": "cobblemon:water_gem",
          "weight": 1
        },
        {
          "type": "minecraft:item",
          "name": "cobblemon:grass_gem",
          "weight": 1
        },
        {
          "type": "minecraft:item",
          "name": "cobblemon:psychic_gem",
          "weight": 1
        },
        {
          "type": "minecraft:item",
          "name": "cobblemon:rare_candy",
          "weight": 2,
          "functions": [
            {
              "function": "minecraft:set_count",
              "count": {
                "min": 1,
                "max": 3
              }
            }
          ]
        }
      ]
    },
    {
      "rolls": {
        "min": 1,
        "max": 2
      },
      "entries": [
        {
          "type": "minecraft:item",
          "name": "cobblemon:relic_coin",
          "weight": 1,
          "functions": [
            {
              "function": "minecraft:set_count",
              "count": {
                "min": 8,
                "max": 50
              }
            }
          ]
        }
      ]
    },
    {
      "rolls": {
        "min": 2,
        "max": 4
      },
      "entries": [
        {
          "type": "minecraft:item",
          "name": "minecraft:copper_ingot",
          "weight": 15,
          "functions": [
            {
              "function": "minecraft:set_count",
              "count": {
                "min": 3,
                "max": 6
              }
            }
          ]
        },
        {
          "type": "minecraft:item",
          "name": "minecraft:iron_ingot",
          "weight": 12,
          "functions": [
            {
              "function": "minecraft:set_count",
              "count": {
                "min": 2,
                "max": 5
              }
            }
          ]
        },
        {
          "type": "minecraft:item",
          "name": "minecraft:gold_ingot",
          "weight": 10,
          "functions": [
            {
              "function": "minecraft:set_count",
              "count": {
                "min": 2,
                "max": 5
              }
            }
          ]
        },
        {
          "type": "minecraft:item",
          "name": "cobblemon:naive_mint",
          "weight": 7
        },
        {
          "type": "minecraft:item",
          "name": "minecraft:ender_pearl",
          "weight": 8,
          "functions": [
            {
              "function": "minecraft:set_count",
              "count": {
                "min": 1,
                "max": 4
              }
            }
          ]
        },
        {
          "type": "minecraft:item",
          "name": "cobblemon:exp_candy_xl",
          "weight": 4,
          "functions": [
            {
              "function": "minecraft:set_count",
              "count": {
                "min": 1,
                "max": 3
              }
            }
          ]
        },
        {
          "type": "minecraft:item",
          "name": "cobblemon:exp_candy_l",
          "weight": 6,
          "functions": [
            {
              "function": "minecraft:set_count",
              "count": {
                "min": 2,
                "max": 5
              }
            }
          ]
        },
        {
          "type": "minecraft:item",
          "name": "cobblemon:exp_candy_m",
          "weight": 8,
          "functions": [
            {
              "function": "minecraft:set_count",
              "count": {
                "min": 3,
                "max": 7
              }
            }
          ]
        },
        {
          "type": "minecraft:item",
          "name": "minecraft:name_tag",
          "weight": 7
        },
        {
          "type": "minecraft:item",
          "name": "minecraft:saddle",
          "weight": 7
        },
        {
          "type": "minecraft:item",
          "name": "minecraft:beetroot_seeds",
          "weight": 8,
          "functions": [
            {
              "function": "minecraft:set_count",
              "count": {
                "min": 3,
                "max": 7
              }
            }
          ]
        },
        {
          "type": "minecraft:item",
          "name": "cobblemon:vivichoke_seeds",
          "weight": 7,
          "functions": [
            {
              "function": "minecraft:set_count",
              "count": {
                "min": 1,
                "max": 3
              }
            }
          ]
        },
        {
          "type": "minecraft:item",
          "name": "minecraft:music_disc_13",
          "weight": 1
        },
        {
          "type": "minecraft:item",
          "name": "minecraft:music_disc_strad",
          "weight": 1
        },
        {
          "type": "minecraft:item",
          "name": "minecraft:repeating_command_block",
          "weight": 1
        },
        {
          "type": "minecraft:item",
          "name": "cobblemon:tamato_berry",
          "weight": 12,
          "functions": [
            {
              "function": "minecraft:set_count",
              "count": {
                "min": 2,
                "max": 4
              }
            }
          ]
        },
        {
          "type": "minecraft:item",
          "name": "cobblemon:master_ball",
          "weight": 1
        },
        {
          "type": "minecraft:item",
          "name": "cobblemon:pp_up",
          "weight": 4
        },
        {
          "type": "minecraft:item",
          "name": "cobblemon:sky_tumblestone",
          "weight": 6,
          "functions": [
            {
              "function": "minecraft:set_count",
              "count": {
                "min": 3,
                "max": 7
              }
            }
          ]
        },
        {
          "type": "minecraft:item",
          "name": "minecraft:diamond",
          "weight": 6,
          "functions": [
            {
              "function": "minecraft:set_count",
              "count": {
                "min": 1,
                "max": 3
              }
            }
          ]
        },
        {
          "type": "minecraft:item",
          "name": "minecraft:emerald",
          "weight": 7,
          "functions": [
            {
              "function": "minecraft:set_count",
              "count": {
                "min": 2,
                "max": 4
              }
            }
          ]
        },
        {
          "type": "minecraft:item",
          "name": "minecraft:shulker_shell",
          "weight": 3,
          "functions": [
            {
              "function": "minecraft:set_count",
              "count": 2
            }
          ]
        },
        {
          "type": "minecraft:item",
          "name": "minecraft:amethyst_shard",
          "weight": 6,
          "functions": [
            {
              "function": "minecraft:set_count",
              "count": {
                "min": 3,
                "max": 7
              }
            }
          ]
        }
      ]
    },
    {
      "rolls": {
        "min": 1,
        "max": 2
      },
      "entries": [
        {
          "type": "minecraft:item",
          "name": "minecraft:rotten_flesh",
          "weight": 1,
          "functions": [
            {
              "function": "minecraft:set_count",
              "count": {
                "min": 4,
                "max": 8
              }
            }
          ]
        },
        {
          "type": "minecraft:item",
          "name": "minecraft:bone",
          "weight": 1,
          "functions": [
            {
              "function": "minecraft:set_count",
              "count": {
                "min": 3,
                "max": 6
              }
            }
          ]
        },
        {
          "type": "minecraft:item",
          "name": "minecraft:gunpowder",
          "weight": 1,
          "functions": [
            {
              "function": "minecraft:set_count",
              "count": {
                "min": 1,
                "max": 3
              }
            }
          ]
        },
        {
          "type": "minecraft:item",
          "name": "minecraft:string",
          "weight": 1,
          "functions": [
            {
              "function": "minecraft:set_count",
              "count": {
                "min": 2,
                "max": 7
              }
            }
          ]
        }
      ]
    },
    {
      "rolls": 1,
      "bonus_rolls": 0,
      "entries": [
        {
          "type": "minecraft:loot_table",
          "value": "legends_untold:sets/legendary_items",
          "weight": 2
        },
        {
          "type": "minecraft:item",
          "name": "minecraft:nether_star",
          "weight": 8,
          "functions": [
            {
              "function": "minecraft:set_components",
              "components": {
                "minecraft:custom_name": "{\"text\":\"Comet Shard\",\"italic\":false}",
                "minecraft:lore": ["{\"text\":\"Can be used as a nether star in recipes\"}"],
                "minecraft:custom_model_data": 1110000
              }
            }
          ]
        }
      ]
    }
  ]
}
