{
  "enabled": true,
  "neededInstalledMods": [],
  "neededUninstalledMods": [],
  "spawns": [
    {
      "id": "suinezumi-1",
      "pokemon": "suinezumi",
      "presets": ["natural"],
      "type": "pokemon",
      "context": "grounded",
      "bucket": "common",
      "level": "3-18",
      "weight": 6.0,
      "condition": {
        "canSeeSky": true,
        "biomes": ["#minecraft:is_beach"]
      }
    },
    {
      "id": "suinezumi-2",
      "pokemon": "suinezumi",
      "presets": ["underwater"],
      "type": "pokemon",
      "context": "submerged",
      "bucket": "common",
      "level": "15-25",
      "weight": 5.0,
      "condition": {
        "biomes": ["#cobblemon:is_warm_ocean"]
      }
    },
    {
      "id": "suinezumi-3",
      "pokemon": "suinezumi",
      "presets": ["underwater"],
      "type": "pokemon",
      "context": "submerged",
      "bucket": "common",
      "level": "5-12",
      "weight": 9.0,
      "condition": {
        "biomes": ["#minecraft:is_river"]
      }
    }
  ]
}
