{
	"format_version": "1.8.0",
	"animations": {
		"animation.cac.ground_idle": {
			"loop": true,
			"bones": {
				"base1": {
					"scale": [
						"1.0 + 0.03 * math.sin(2 * 3.1415 * 34 * query.anim_time)",
						"1.0 + 0.03 * math.sin(2 * 3.1415 * 24 * query.anim_time)",
						"1.0 + 0.03 * math.sin(2 * 3.1415 * 30 * query.anim_time)"
					]
				}
			}
		},
		"animation.cac.ground_walk": {
			"loop": true,
			"bones": {
				"head": {
					"rotation": ["1.5 - 10 * math.cos(2 * 3.1415 * 34 * query.anim_time)", 0, 0],
					"position": [0, 0, "-0.5 + 0.95 * math.sin(2 * 3.1415 * 34 * query.anim_time)"],
					"scale": [1, "1 + 0.2 * math.sin(2 * 3.1415 * 34+3 * query.anim_time)", 1]
				},
				"base1": {
					"position": [0, 0, "-1.0 + 1 * math.sin(2 * 3.1415 * 34 * query.anim_time)"],
					"scale": [
						"1.0 + 0.03 * math.sin(2 * 3.1415 * 34 * query.anim_time)",
						"1.0 + 0.03 * math.sin(2 * 3.1415 * 24 * query.anim_time)",
						"1.0 + 0.13 * math.sin(2 * 3.1415 * 30 * query.anim_time)"
					]
				},
				"base2": {
					"position": [0, 0, "-0.5 + 0.95 * math.sin(2 * 3.1415 * 34 * query.anim_time)"],
					"scale": [1, 1, "1.0 + 0.13 * math.cos(2 * 3.1415 * 34 * query.anim_time)"]
				}
			}
		},
		"animation.cac.faint": {
			"animation_length": 3,
			"bones": {
				"body": {
					"position": {
						"2.9167": [0, 0, 0],
						"3.0": [0, -0.7, 0]
					},
					"scale": 1
				},
				"head": {
					"scale": {
						"0.0": [1, 1, 1],
						"2.5": [1.5, 0.15, 1.5]
					}
				},
				"base1": {
					"scale": {
						"0.0": [1, 1, 1],
						"1.0": [1.5, 1, 1.5],
						"3.0": [2, 0.15, 2]
					}
				},
				"base2": {
					"scale": {
						"0.0": [1, 1, 1],
						"2.25": [1.5, 0.15, 1.5]
					}
				},
				"top": {
					"scale": {
						"0.0": [1, 1, 1],
						"3.0": [1.5, 0.15, 1.5]
					}
				}
			}
		},
		"animation.cac.sleep": {
			"loop": true,
			"bones": {
				"head": {
					"rotation": ["180-(-0.5 + 0.95 * math.sin(2 * 3.1415 * 34 * query.anim_time))", 0, 0]
				},
				"base1": {
					"scale": "-0.2+1.005 + 0.025 * math.cos(3 * 3.14 * 15 * query.anim_time)"
				},
				"base2": {
					"scale": "1.005 + 0.025 * math.sin(3 * 3.14 * 15 * query.anim_time)"
				}
			}
		},
		"animation.cac.battle_idle": {
			"loop": true,
			"bones": {
				"head": {
					"rotation": [0, 0, "1 + 5 * math.sin(2 * 3.1415 * 20 * query.anim_time)"]
				},
				"base1": {
					"position": [" -1 * math.sin(2 * 3.1415 * 20 * query.anim_time)", 0, 0],
					"scale": [
						"1.0 + 0.03 * math.sin(2 * 3.1415 * 34 * query.anim_time)",
						"1.0 + 0.03 * math.sin(2 * 3.1415 * 24 * query.anim_time)",
						"1.0 + 0.03 * math.sin(2 * 3.1415 * 30 * query.anim_time)"
					]
				},
				"base2": {
					"rotation": [0, 0, "1 + 5 * math.cos(2 * 3.1415 * 20 * query.anim_time)"],
					"position": [" -1 * math.sin(2 * 3.1415 * 20 * query.anim_time)", 0, 0]
				}
			}
		},
		"animation.cac.water_idle": {
			"loop": true,
			"bones": {
				"base1": {
					"scale": [
						"1.0 + 0.03 * math.sin(2 * 3.1415 * 34 * query.anim_time)",
						"1.0 + 0.03 * math.sin(2 * 3.1415 * 24 * query.anim_time)",
						"1.0 + 0.03 * math.sin(2 * 3.1415 * 30 * query.anim_time)"
					]
				}
			}
		},
		"animation.cac.water_swim": {
			"loop": true,
			"bones": {
				"base1": {
					"position": [0, 0, "-1.0 + 1 * math.sin(2 * 3.1415 * 34 * query.anim_time)"],
					"scale": [
						"1.0 + 0.03 * math.sin(2 * 3.1415 * 34 * query.anim_time)",
						"1.0 + 0.03 * math.sin(2 * 3.1415 * 24 * query.anim_time)",
						"1.0 + 0.13 * math.sin(2 * 3.1415 * 30 * query.anim_time)"
					]
				},
				"base2": {
					"position": [0, 0, "-0.5 + 0.95 * math.sin(2 * 3.1415 * 34 * query.anim_time)"],
					"scale": [1, 1, "1.0 + 0.13 * math.cos(2 * 3.1415 * 34 * query.anim_time)"]
				},
				"head": {
					"rotation": ["1.5 - 10 * math.cos(2 * 3.1415 * 34 * query.anim_time)", 0, 0],
					"position": [0, 0, "-0.5 + 0.95 * math.sin(2 * 3.1415 * 34 * query.anim_time)"],
					"scale": [1, "1 + 0.2 * math.sin(2 * 3.1415 * 34+3 * query.anim_time)", 1]
				}
			}
		}
	}
}