
{
    "head": "head",
    "portraitScale": 1.65,
    "portraitTranslation": [ 0, -1,2, 0 ],
    "profileScale": 1,
    "profileTranslation": [ 0, 0.15, 0 ],
    "faint": "bedrock(suinezumi, faint)",
    "poses": {
    "standing": {
        "poseName": "standing",
        "transformTicks": 10,
        "poseTypes": [
        "STAND",
        "NONE",
        "PORTRAIT",
        "PROFILE"
        ],
        "animations": [
        "look",
        "bedrock(suinezumi, ground_idle)"
        ]
    },
    "walking": {
        "poseName": "walking",
        "transformTicks": 10,
        "poseTypes": [ "WALK" ],
        "animations": [ "bedrock(suinezumi, ground_walk)" ]
    },
    "floating": {
        "poseName": "floating",
        "transformTicks": 10,
        "poseTypes": [ "FLOAT" ],
        "animations": [ "bedrock(suinezumi, water_idle)" ]
    },
    "swimming": {
        "poseName": "swimming",
        "transformTicks": 10,
        "poseTypes": [ "SWIM" ],
        "animations": [ "bedrock(suinezumi, water_swim)" ]
    },
    "sleeping": {
        "poseName": "swimming",
        "transformTicks": 10,
        "poseTypes": [ "SLEEP" ],
        "animations": [ "bedrock(suinezumi, sleep)" ]
        }
    }
  }