{
	"format_version": "1.12.0",
	"minecraft:geometry": [
		{
			"description": {
				"identifier": "geometry.cac",
				"texture_width": 64,
				"texture_height": 64,
				"visible_bounds_width": 2,
				"visible_bounds_height": 2.5,
				"visible_bounds_offset": [0, 0.75, 0]
			},
			"bones": [
				{
					"name": "bone",
					"pivot": [0, 0, 0]
				},
				{
					"name": "body",
					"parent": "bone",
					"pivot": [0, 2.58333, 0]
				},
				{
					"name": "base1",
					"parent": "body",
					"pivot": [0, 0, 0],
					"cubes": [
						{"origin": [-6, 0, -6], "size": [12, 2, 12], "uv": [0, 0]}
					]
				},
				{
					"name": "base2",
					"parent": "base1",
					"pivot": [0, 2, 0],
					"cubes": [
						{"origin": [-4, 2, -4], "size": [8, 2, 8], "uv": [0, 14]}
					]
				},
				{
					"name": "head",
					"parent": "base2",
					"pivot": [0, 4, 0],
					"cubes": [
						{"origin": [-2, 2, -2], "size": [4, 5, 4], "uv": [0, 24]}
					]
				},
				{
					"name": "top",
					"parent": "head",
					"pivot": [0, 7, 0],
					"cubes": [
						{"origin": [-1, 6, -1], "size": [2, 2, 2], "uv": [16, 24]}
					]
				}
			]
		}
	]
}