{
  "type": "minecraft:archaeology",
  "pools": [
    {
      "rolls": 1,
      "bonus_rolls": 0,
      "entries": [
        {
          "type": "minecraft:item",
          "name": "cobblemon:liechi_berry"
        },
        {
          "type": "minecraft:item",
          "name": "minecraft:repeating_command_block"
        },
        {
          "type": "minecraft:item",
          "name": "cobblemon:metal_powder"
        },
        {
          "type": "minecraft:item",
          "name": "cobblemon:tumblestone",
          "weight": 2
        },
        {
          "type": "minecraft:item",
          "name": "minecraft:amethyst_shard"
        },
        {
          "type": "minecraft:item",
          "name": "cobblemon:moon_stone"
        },
        {
          "type": "minecraft:item",
          "name": "cobblemon:capture_sherd",
          "weight": 2
        },
        {
          "type": "minecraft:item",
          "name": "cobblemon:suspicious_sherd",
          "weight": 2
        }
      ]
    }
  ],
  "random_sequence": "minecraft:archaeology/desert_well"
}
