{
  "type": "minecraft:archaeology",
  "pools": [
    {
      "rolls": 1,
      "entries": [
        {
          "type": "minecraft:item",
          "name": "minecraft:copper_ingot",
          "weight": 15
        },
        {
          "type": "minecraft:item",
          "name": "minecraft:iron_ingot",
          "weight": 12
        },
        {
          "type": "minecraft:item",
          "name": "cobblemon:relic_coin",
          "weight": 35
        },
        {
          "type": "minecraft:item",
          "name": "cobblemon:tumblestone",
          "weight": 8
        },
        {
          "type": "minecraft:item",
          "name": "cobblemon:sky_tumblestone",
          "weight": 6
        },
        {
          "type": "minecraft:item",
          "name": "cobblemon:sun_stone",
          "weight": 5
        },
        {
          "type": "minecraft:item",
          "name": "cobblemon:dragon_gem",
          "weight": 3
        },
        {
          "type": "minecraft:item",
          "name": "cobblemon:flying_gem",
          "weight": 5
        },
        {
          "type": "minecraft:item",
          "name": "minecraft:repeating_command_block",
          "weight": 1
        },
        {
          "type": "minecraft:item",
          "name": "minecraft:gold_ingot",
          "weight": 10
        },
        {
          "type": "minecraft:item",
          "name": "minecraft:emerald",
          "weight": 7
        },
        {
          "type": "minecraft:item",
          "name": "minecraft:heartbreak_pottery_sherd",
          "weight": 2
        },
        {
          "type": "minecraft:item",
          "name": "minecraft:arms_up_pottery_sherd",
          "weight": 2
        },
        {
          "type": "minecraft:item",
          "name": "cobblemon:capture_sherd",
          "weight": 2
        },
        {
          "type": "minecraft:item",
          "name": "cobblemon:nostalgic_sherd",
          "weight": 2
        },
        {
          "type": "minecraft:item",
          "name": "minecraft:blade_pottery_sherd",
          "weight": 2
        },
        {
          "type": "minecraft:item",
          "name": "minecraft:angler_pottery_sherd",
          "weight": 2
        },
        {
          "type": "minecraft:item",
          "name": "minecraft:burn_pottery_sherd",
          "weight": 2
        }
      ]
    }
  ]
}
