{
	"format_version": "1.8.0",
	"animations": {
		"animation.suinezumi.ground_idle": {
			"loop": true,
			"bones": {
				"chest": {
					"scale": "1.005 + 0.025 * math.sin(2 * 3.14 * 20 * query.anim_time)"
				},
				"tail1": {
					"rotation": [0, "math.sin(query.anim_time * 100) * 15", 0]
				},
				"tail2": {
					"rotation": [0, "math.sin(query.anim_time * 100-90) * 25", 0]
				},
				"head": {
					"rotation": ["-math.sin(query.anim_time * 50) * 4.5-2", 0, 0]
				}
			}
		},
		"animation.suinezumi.ground_walk": {
			"loop": true,
			"bones": {
				"body": {
					"rotation": [0, "math.sin(query.anim_time * 500+100) * 16", 0],
					"position": ["-math.sin(query.anim_time * 500) / 1.5", 0, 0]
				},
				"tail1": {
					"rotation": [0, "math.sin(query.anim_time * 500+60) * 25", 0]
				},
				"tail2": {
					"rotation": [0, "math.sin(query.anim_time * 500+17) * 25", 0]
				},
				"head": {
					"rotation": [0, "math.sin(query.anim_time * 500+200) * 20", 0]
				}
			}
		},
		"animation.suinezumi.water_idle": {
			"loop": true,
			"bones": {
				"body": {
					"rotation": ["-math.sin(query.anim_time * 50-90) * 6+11.5773", 0, 0],
					"position": [0, "-math.sin(query.anim_time * 50-90) * 1", 0]
				},
				"tail1": {
					"rotation": [20, "math.sin(query.anim_time * 50) * 15", 0]
				},
				"tail2": {
					"rotation": ["-math.sin(query.anim_time * 30-90) * 25", "math.sin(query.anim_time * 50-90) * 25", 0]
				},
				"head": {
					"rotation": ["12.5+math.sin(query.anim_time * 50) * 4.5-2", 0, 0]
				}
			}
		},
		"animation.suinezumi.water_swim": {
			"loop": true,
			"bones": {
				"body": {
					"rotation": ["-math.sin(query.anim_time * 500 + 130) * 20", 0, 0],
					"position": [0, "math.sin(query.anim_time * 500) * 1.25", 0]
				},
				"tail1": {
					"rotation": ["-math.sin(query.anim_time * 500 + 55) * 20 * 1.3", 0, 0]
				},
				"tail2": {
					"rotation": ["-math.sin(query.anim_time * 500+30) * 20 * 2", 0, 0]
				},
				"head": {
					"rotation": ["-math.cos(query.anim_time * 500+180) * 20", 0, 0]
				}
			}
		},
		"animation.suinezumi.battle_idle": {
			"loop": true,
			"bones": {
				"body": {
					"rotation": [10, 0, 0]
				},
				"chest": {
					"scale": "1.005 + 0.025 * math.sin(3.5 * 3.14 * 20 * query.anim_time)"
				},
				"tail1": {
					"rotation": ["math.sin(query.anim_time * 600) * 1", "math.sin(query.anim_time * 100) * 15", 0]
				},
				"tail2": {
					"rotation": [30, 0, "math.sin(query.anim_time * 100) * 15"]
				},
				"head": {
					"rotation": ["15-math.sin(query.anim_time * 275) * 4.5-2", 0, 0]
				}
			}
		},
		"animation.suinezumi.faint": {
			"animation_length": 5,
			"bones": {
				"body": {
					"rotation": {
						"0.0": [0, "math.sin(query.anim_time * 1200) * 5", 0],
						"0.25": [15, "math.sin(query.anim_time * 1200) * 5", 0],
						"0.5": [27.5, "math.sin(query.anim_time * 1200) * 5", 0],
						"0.75": [52.5, "math.sin(query.anim_time * 1200) * 5", 0],
						"1.0": [70, "math.sin(query.anim_time * 1200) * 5", 0]
					},
					"position": {
						"0.0": [0, 0, 0],
						"0.75": [-2, -2, 0],
						"1.0": [-2, -4, 0],
						"1.2083": [-2, -8, 0],
						"1.5": [-2, -16, 0],
						"2.0": [-2, -30, 0]
					}
				},
				"tail1": {
					"rotation": {
						"0.0": [0, "math.cos(query.anim_time * 1200)  ", 0],
						"0.25": [-27.5, "math.cos(query.anim_time * 1200) * 20", 0],
						"0.5": [-42.5, "math.cos(query.anim_time * 1200)", 0],
						"1.0": [-40, "math.cos(query.anim_time * 1200) * 20", 0],
						"1.125": [-5, "math.cos(query.anim_time * 1200) * 20", 0]
					}
				},
				"tail2": {
					"rotation": {
						"0.0": [0, "math.sin(query.anim_time * 1200)", 0],
						"0.25": [-17.5, "math.cos(query.anim_time * 1200) * 20", 0],
						"0.5": [-50, "math.cos(query.anim_time * 1200) * 20", 0],
						"1.0": [-30, "math.cos(query.anim_time * 1200) * 20", 0],
						"1.125": [-5, "math.cos(query.anim_time * 1200) * 20", 0]
					}
				},
				"head": {
					"rotation": {
						"0.0": [0, 0, 0],
						"0.0417": [0, "math.cos(query.anim_time * 3000) * 5", 0],
						"0.25": [25, "math.cos(query.anim_time * 3000) * 5", 0],
						"0.5": [35, "math.cos(query.anim_time * 3000) * 5", 0]
					}
				}
			}
		},
		"animation.suinezumi.sleep": {
			"loop": true,
			"bones": {
				"chest": {
					"scale": "1.005 + 0.025 * math.sin(3 * 3.14 * 15 * query.anim_time)"
				},
				"tail1": {
					"rotation": [0, -22.5, 0]
				},
				"tail2": {
					"rotation": [0, -32.5, 0]
				},
				"head": {
					"rotation": [-3.90399, 17.07228, -13.08619]
				},
				"eyes": {
					"scale": 1
				}
			}
		}
	}
}